sku,special_price,special_from_date,special_to_date
ANDRE-ABIGAIL-A-BLACK,109,06/01/2016,06/01/2025
ANDRE-ABIGAIL-A-BLACK-36,109,06/01/2016,06/01/2025
ANDRE-ABIGAIL-A-BLACK-37,109,06/01/2016,06/01/2025
ANDRE-ABIGAIL-A-BLACK-38,109,06/01/2016,06/01/2025
ANDRE-ABIGAIL-A-BLACK-39,109,06/01/2016,06/01/2025
ANDRE-ABIGAIL-A-BLACK-40,109,06/01/2016,06/01/2025
ANDRE-ABIGAIL-A-BLACK-41,109,06/01/2016,06/01/2025
ANDRE-ABIGAIL-A-BLUSH,109,06/01/2016,06/01/2025
ANDRE-ABIGAIL-A-BLUSH-36,109,06/01/2016,06/01/2025
ANDRE-ABIGAIL-A-BLUSH-37,109,06/01/2016,06/01/2025
ANDRE-ABIGAIL-A-BLUSH-38,109,06/01/2016,06/01/2025
ANDRE-ABIGAIL-A-BLUSH-39,109,06/01/2016,06/01/2025
ANDRE-ABIGAIL-A-BLUSH-40,109,06/01/2016,06/01/2025
ANDRE-ABIGAIL-A-BLUSH-41,109,06/01/2016,06/01/2025
ANDRE-ABIGAIL-A-NAVY,109,06/01/2016,06/01/2025
ANDRE-ABIGAIL-A-NAVY-36,109,06/01/2016,06/01/2025
ANDRE-ABIGAIL-A-NAVY-37,109,06/01/2016,06/01/2025
ANDRE-ABIGAIL-A-NAVY-38,109,06/01/2016,06/01/2025
ANDRE-ABIGAIL-A-NAVY-39,109,06/01/2016,06/01/2025
ANDRE-ABIGAIL-A-NAVY-40,109,06/01/2016,06/01/2025
ANDRE-ABIGAIL-A-NAVY-41,109,06/01/2016,06/01/2025
ANDRE-ABIGAIL-A-SILVER,109,06/01/2016,06/01/2025
ANDRE-ABIGAIL-A-SILVER-36,109,06/01/2016,06/01/2025
ANDRE-ABIGAIL-A-SILVER-37,109,06/01/2016,06/01/2025
ANDRE-ABIGAIL-A-SILVER-38,109,06/01/2016,06/01/2025
ANDRE-ABIGAIL-A-SILVER-39,109,06/01/2016,06/01/2025
ANDRE-ABIGAIL-A-SILVER-40,109,06/01/2016,06/01/2025
ANDRE-ABIGAIL-A-SILVER-41,109,06/01/2016,06/01/2025
ANDRE-ANIE-BLACK,78,06/01/2016,06/01/2025
ANDRE-ANIE-BLACK-10,78,06/01/2016,06/01/2025
ANDRE-ANIE-BLACK-11,78,06/01/2016,06/01/2025
ANDRE-ANIE-BLACK-5,78,06/01/2016,06/01/2025
ANDRE-ANIE-BLACK-6,78,06/01/2016,06/01/2025
ANDRE-ANIE-BLACK-7,78,06/01/2016,06/01/2025
ANDRE-ANIE-BLACK-8,78,06/01/2016,06/01/2025
ANDRE-ANIE-BLACK-9,78,06/01/2016,06/01/2025
ANDRE-ANIE-NAVY,78,06/01/2016,06/01/2025
ANDRE-ANIE-NAVY-10,78,06/01/2016,06/01/2025
ANDRE-ANIE-NAVY-11,78,06/01/2016,06/01/2025
ANDRE-ANIE-NAVY-5,78,06/01/2016,06/01/2025
ANDRE-ANIE-NAVY-6,78,06/01/2016,06/01/2025
ANDRE-ANIE-NAVY-7,78,06/01/2016,06/01/2025
ANDRE-ANIE-NAVY-8,78,06/01/2016,06/01/2025
ANDRE-ANIE-NAVY-9,78,06/01/2016,06/01/2025
ANDRE-ANIE-PLATINO,78,06/01/2016,06/01/2025
ANDRE-ANIE-PLATINO-10,78,06/01/2016,06/01/2025
ANDRE-ANIE-PLATINO-11,78,06/01/2016,06/01/2025
ANDRE-ANIE-PLATINO-5,78,06/01/2016,06/01/2025
ANDRE-ANIE-PLATINO-6,78,06/01/2016,06/01/2025
ANDRE-ANIE-PLATINO-7,78,06/01/2016,06/01/2025
ANDRE-ANIE-PLATINO-8,78,06/01/2016,06/01/2025
ANDRE-ANIE-PLATINO-9,78,06/01/2016,06/01/2025
ANDRE-ANIE-TAUPE,78,06/01/2016,06/01/2025
ANDRE-ANIE-TAUPE-10,78,06/01/2016,06/01/2025
ANDRE-ANIE-TAUPE-11,78,06/01/2016,06/01/2025
ANDRE-ANIE-TAUPE-5,78,06/01/2016,06/01/2025
ANDRE-ANIE-TAUPE-6,78,06/01/2016,06/01/2025
ANDRE-ANIE-TAUPE-7,78,06/01/2016,06/01/2025
ANDRE-ANIE-TAUPE-8,78,06/01/2016,06/01/2025
ANDRE-ANIE-TAUPE-9,78,06/01/2016,06/01/2025
ANDRE-ANOUKA MID-BLACK,119,06/01/2016,06/01/2025
ANDRE-ANOUKA MID-BLACK-10,119,06/01/2016,06/01/2025
ANDRE-ANOUKA MID-BLACK-10.5,119,06/01/2016,06/01/2025
ANDRE-ANOUKA MID-BLACK-11,119,06/01/2016,06/01/2025
ANDRE-ANOUKA MID-BLACK-6,119,06/01/2016,06/01/2025
ANDRE-ANOUKA MID-BLACK-6.5,119,06/01/2016,06/01/2025
ANDRE-ANOUKA MID-BLACK-7,119,06/01/2016,06/01/2025
ANDRE-ANOUKA MID-BLACK-7.5,119,06/01/2016,06/01/2025
ANDRE-ANOUKA MID-BLACK-8,119,06/01/2016,06/01/2025
ANDRE-ANOUKA MID-BLACK-8.5,119,06/01/2016,06/01/2025
ANDRE-ANOUKA MID-BLACK-9,119,06/01/2016,06/01/2025
ANDRE-ANOUKA MID-BLACK-9.5,119,06/01/2016,06/01/2025
ANDRE-ANOUKA MID-CREAM,119,06/01/2016,06/01/2025
ANDRE-ANOUKA MID-CREAM-10,119,06/01/2016,06/01/2025
ANDRE-ANOUKA MID-CREAM-10.5,119,06/01/2016,06/01/2025
ANDRE-ANOUKA MID-CREAM-11,119,06/01/2016,06/01/2025
ANDRE-ANOUKA MID-CREAM-5,119,06/01/2016,06/01/2025
ANDRE-ANOUKA MID-CREAM-5.5,119,06/01/2016,06/01/2025
ANDRE-ANOUKA MID-CREAM-6,119,06/01/2016,06/01/2025
ANDRE-ANOUKA MID-CREAM-6.5,119,06/01/2016,06/01/2025
ANDRE-ANOUKA MID-CREAM-7,119,06/01/2016,06/01/2025
ANDRE-ANOUKA MID-CREAM-7.5,119,06/01/2016,06/01/2025
ANDRE-ANOUKA MID-CREAM-8,119,06/01/2016,06/01/2025
ANDRE-ANOUKA MID-CREAM-8.5,119,06/01/2016,06/01/2025
ANDRE-ANOUKA MID-CREAM-9,119,06/01/2016,06/01/2025
ANDRE-ANOUKA MID-CREAM-9.5,119,06/01/2016,06/01/2025
ANDRE-ANOUKA MID-NAVY,119,06/01/2016,06/01/2025
ANDRE-ANOUKA MID-NAVY-10,119,06/01/2016,06/01/2025
ANDRE-ANOUKA MID-NAVY-11,119,06/01/2016,06/01/2025
ANDRE-ANOUKA MID-NAVY-4.5,119,06/01/2016,06/01/2025
ANDRE-ANOUKA MID-NAVY-5,119,06/01/2016,06/01/2025
ANDRE-ANOUKA MID-NAVY-5.5,119,06/01/2016,06/01/2025
ANDRE-ANOUKA MID-NAVY-6,119,06/01/2016,06/01/2025
ANDRE-ANOUKA MID-NAVY-6.5,119,06/01/2016,06/01/2025
ANDRE-ANOUKA MID-NAVY-7,119,06/01/2016,06/01/2025
ANDRE-ANOUKA MID-NAVY-7.5,119,06/01/2016,06/01/2025
ANDRE-ANOUKA MID-NAVY-8,119,06/01/2016,06/01/2025
ANDRE-ANOUKA MID-NAVY-8.5,119,06/01/2016,06/01/2025
ANDRE-ANOUKA MID-NAVY-9,119,06/01/2016,06/01/2025
ANDRE-ANOUKA MID-NAVY-9.5,119,06/01/2016,06/01/2025
ANDRE-ANOUKA MID-TAUPE,119,06/01/2016,06/01/2025
ANDRE-ANOUKA MID-TAUPE-10,119,06/01/2016,06/01/2025
ANDRE-ANOUKA MID-TAUPE-11,119,06/01/2016,06/01/2025
ANDRE-ANOUKA MID-TAUPE-5,119,06/01/2016,06/01/2025
ANDRE-ANOUKA MID-TAUPE-5.5,119,06/01/2016,06/01/2025
ANDRE-ANOUKA MID-TAUPE-6,119,06/01/2016,06/01/2025
ANDRE-ANOUKA MID-TAUPE-6.5,119,06/01/2016,06/01/2025
ANDRE-ANOUKA MID-TAUPE-7,119,06/01/2016,06/01/2025
ANDRE-ANOUKA MID-TAUPE-7.5,119,06/01/2016,06/01/2025
ANDRE-ANOUKA MID-TAUPE-8,119,06/01/2016,06/01/2025
ANDRE-ANOUKA MID-TAUPE-8.5,119,06/01/2016,06/01/2025
ANDRE-ANOUKA MID-TAUPE-9,119,06/01/2016,06/01/2025
ANDRE-ANOUKA MID-TAUPE-9.5,119,06/01/2016,06/01/2025
ANDRE-CAROLE-BLACK,99,06/01/2016,06/01/2025
ANDRE-CAROLE-BLACK-36,99,06/01/2016,06/01/2025
ANDRE-CAROLE-BLACK-37,99,06/01/2016,06/01/2025
ANDRE-CAROLE-BLACK-38,99,06/01/2016,06/01/2025
ANDRE-CAROLE-BLACK-39,99,06/01/2016,06/01/2025
ANDRE-CAROLE-BLACK-40,99,06/01/2016,06/01/2025
ANDRE-CAROLE-BLACK-41,99,06/01/2016,06/01/2025
ANDRE-CAROLE-BLACK-42,99,06/01/2016,06/01/2025
ANDRE-CAROLE-CUERO,99,06/01/2016,06/01/2025
ANDRE-CAROLE-CUERO-36,99,06/01/2016,06/01/2025
ANDRE-CAROLE-CUERO-37,99,06/01/2016,06/01/2025
ANDRE-CAROLE-CUERO-38,99,06/01/2016,06/01/2025
ANDRE-CAROLE-CUERO-39,99,06/01/2016,06/01/2025
ANDRE-CAROLE-CUERO-40,99,06/01/2016,06/01/2025
ANDRE-CAROLE-CUERO-41,99,06/01/2016,06/01/2025
ANDRE-CAROLE-CUERO-42,99,06/01/2016,06/01/2025
ANDRE-CAROLE-GOLD,99,06/01/2016,06/01/2025
ANDRE-CAROLE-GOLD-36,99,06/01/2016,06/01/2025
ANDRE-CAROLE-GOLD-37,99,06/01/2016,06/01/2025
ANDRE-CAROLE-GOLD-38,99,06/01/2016,06/01/2025
ANDRE-CAROLE-GOLD-39,99,06/01/2016,06/01/2025
ANDRE-CAROLE-GOLD-40,99,06/01/2016,06/01/2025
ANDRE-CAROLE-GOLD-41,99,06/01/2016,06/01/2025
ANDRE-CAROLE-GOLD-42,99,06/01/2016,06/01/2025
ANDRE-CAROLE-PEWTER,99,06/01/2016,06/01/2025
ANDRE-CAROLE-PEWTER-36,99,06/01/2016,06/01/2025
ANDRE-CAROLE-PEWTER-37,99,06/01/2016,06/01/2025
ANDRE-CAROLE-PEWTER-38,99,06/01/2016,06/01/2025
ANDRE-CAROLE-PEWTER-39,99,06/01/2016,06/01/2025
ANDRE-CAROLE-PEWTER-40,99,06/01/2016,06/01/2025
ANDRE-CAROLE-PEWTER-41,99,06/01/2016,06/01/2025
ANDRE-CAROLE-PEWTER-42,99,06/01/2016,06/01/2025
ANDRE-CONNER-A-BLACK,109,06/01/2016,06/01/2025
ANDRE-CONNER-A-BLACK-35,109,06/01/2016,06/01/2025
ANDRE-CONNER-A-BLACK-36,109,06/01/2016,06/01/2025
ANDRE-CONNER-A-BLACK-37,109,06/01/2016,06/01/2025
ANDRE-CONNER-A-BLACK-38,109,06/01/2016,06/01/2025
ANDRE-CONNER-A-BLACK-39,109,06/01/2016,06/01/2025
ANDRE-CONNER-A-BLACK-40,109,06/01/2016,06/01/2025
ANDRE-CONNER-A-BLACK-41,109,06/01/2016,06/01/2025
ANDRE-CONNER-A-BONE,109,06/01/2016,06/01/2025
ANDRE-CONNER-A-BONE-35,109,06/01/2016,06/01/2025
ANDRE-CONNER-A-BONE-36,109,06/01/2016,06/01/2025
ANDRE-CONNER-A-BONE-37,109,06/01/2016,06/01/2025
ANDRE-CONNER-A-BONE-38,109,06/01/2016,06/01/2025
ANDRE-CONNER-A-BONE-39,109,06/01/2016,06/01/2025
ANDRE-CONNER-A-BONE-40,109,06/01/2016,06/01/2025
ANDRE-CONNER-A-BONE-41,109,06/01/2016,06/01/2025
ANDRE-CONNER-A-CHAMPAGNE SPARKLE,109,06/01/2016,06/01/2025
ANDRE-CONNER-A-CHAMPAGNE SPARKLE-36,109,06/01/2016,06/01/2025
ANDRE-CONNER-A-CHAMPAGNE SPARKLE-37,109,06/01/2016,06/01/2025
ANDRE-CONNER-A-CHAMPAGNE SPARKLE-38,109,06/01/2016,06/01/2025
ANDRE-CONNER-A-CHAMPAGNE SPARKLE-39,109,06/01/2016,06/01/2025
ANDRE-CONNER-A-CHAMPAGNE SPARKLE-40,109,06/01/2016,06/01/2025
ANDRE-CONNER-A-CHAMPAGNE SPARKLE-41,109,06/01/2016,06/01/2025
ANDRE-CONNER-A-NAVY,109,06/01/2016,06/01/2025
ANDRE-CONNER-A-NAVY-35,109,06/01/2016,06/01/2025
ANDRE-CONNER-A-NAVY-36,109,06/01/2016,06/01/2025
ANDRE-CONNER-A-NAVY-37,109,06/01/2016,06/01/2025
ANDRE-CONNER-A-NAVY-38,109,06/01/2016,06/01/2025
ANDRE-CONNER-A-NAVY-39,109,06/01/2016,06/01/2025
ANDRE-CONNER-A-NAVY-40,109,06/01/2016,06/01/2025
ANDRE-CONNER-A-NAVY-41,109,06/01/2016,06/01/2025
ANDRE-DENNIE-BEIGE,78,06/01/2016,06/01/2025
ANDRE-DENNIE-BEIGE-10,78,06/01/2016,06/01/2025
ANDRE-DENNIE-BEIGE-11,78,06/01/2016,06/01/2025
ANDRE-DENNIE-BEIGE-5,78,06/01/2016,06/01/2025
ANDRE-DENNIE-BEIGE-6,78,06/01/2016,06/01/2025
ANDRE-DENNIE-BEIGE-7,78,06/01/2016,06/01/2025
ANDRE-DENNIE-BEIGE-8,78,06/01/2016,06/01/2025
ANDRE-DENNIE-BEIGE-9,78,06/01/2016,06/01/2025
ANDRE-DENNIE-BLACK,78,06/01/2016,06/01/2025
ANDRE-DENNIE-BLACK-10,78,06/01/2016,06/01/2025
ANDRE-DENNIE-BLACK-11,78,06/01/2016,06/01/2025
ANDRE-DENNIE-BLACK-5,78,06/01/2016,06/01/2025
ANDRE-DENNIE-BLACK-6,78,06/01/2016,06/01/2025
ANDRE-DENNIE-BLACK-7,78,06/01/2016,06/01/2025
ANDRE-DENNIE-BLACK-8,78,06/01/2016,06/01/2025
ANDRE-DENNIE-BLACK-9,78,06/01/2016,06/01/2025
ANDRE-DENNIE-MULTI METALLIC,78,06/01/2016,06/01/2025
ANDRE-DENNIE-MULTI METALLIC-10,78,06/01/2016,06/01/2025
ANDRE-DENNIE-MULTI METALLIC-11,78,06/01/2016,06/01/2025
ANDRE-DENNIE-MULTI METALLIC-5,78,06/01/2016,06/01/2025
ANDRE-DENNIE-MULTI METALLIC-6,78,06/01/2016,06/01/2025
ANDRE-DENNIE-MULTI METALLIC-7,78,06/01/2016,06/01/2025
ANDRE-DENNIE-MULTI METALLIC-8,78,06/01/2016,06/01/2025
ANDRE-DENNIE-MULTI METALLIC-9,78,06/01/2016,06/01/2025
ANDRE-DENNIE-NAVY,78,06/01/2016,06/01/2025
ANDRE-DENNIE-NAVY-10,78,06/01/2016,06/01/2025
ANDRE-DENNIE-NAVY-11,78,06/01/2016,06/01/2025
ANDRE-DENNIE-NAVY-5,78,06/01/2016,06/01/2025
ANDRE-DENNIE-NAVY-6,78,06/01/2016,06/01/2025
ANDRE-DENNIE-NAVY-7,78,06/01/2016,06/01/2025
ANDRE-DENNIE-NAVY-8,78,06/01/2016,06/01/2025
ANDRE-DENNIE-NAVY-9,78,06/01/2016,06/01/2025
ANDRE-DENNIE-RED,78,06/01/2016,06/01/2025
ANDRE-DENNIE-RED-10,78,06/01/2016,06/01/2025
ANDRE-DENNIE-RED-11,78,06/01/2016,06/01/2025
ANDRE-DENNIE-RED-5,78,06/01/2016,06/01/2025
ANDRE-DENNIE-RED-6,78,06/01/2016,06/01/2025
ANDRE-DENNIE-RED-7,78,06/01/2016,06/01/2025
ANDRE-DENNIE-RED-8,78,06/01/2016,06/01/2025
ANDRE-DENNIE-RED-9,78,06/01/2016,06/01/2025
ANDRE-EMMIE-BLACK,78,06/01/2016,06/01/2025
ANDRE-EMMIE-BLACK-10,78,06/01/2016,06/01/2025
ANDRE-EMMIE-BLACK-11,78,06/01/2016,06/01/2025
ANDRE-EMMIE-BLACK-5,78,06/01/2016,06/01/2025
ANDRE-EMMIE-BLACK-6,78,06/01/2016,06/01/2025
ANDRE-EMMIE-BLACK-7,78,06/01/2016,06/01/2025
ANDRE-EMMIE-BLACK-8,78,06/01/2016,06/01/2025
ANDRE-EMMIE-BLACK-9,78,06/01/2016,06/01/2025
ANDRE-EMMIE-NAVY,78,06/01/2016,06/01/2025
ANDRE-EMMIE-NAVY-10,78,06/01/2016,06/01/2025
ANDRE-EMMIE-NAVY-11,78,06/01/2016,06/01/2025
ANDRE-EMMIE-NAVY-5,78,06/01/2016,06/01/2025
ANDRE-EMMIE-NAVY-6,78,06/01/2016,06/01/2025
ANDRE-EMMIE-NAVY-7,78,06/01/2016,06/01/2025
ANDRE-EMMIE-NAVY-8,78,06/01/2016,06/01/2025
ANDRE-EMMIE-NAVY-9,78,06/01/2016,06/01/2025
ANDRE-EMMIE-PEWTER,78,06/01/2016,06/01/2025
ANDRE-EMMIE-PEWTER-10,78,06/01/2016,06/01/2025
ANDRE-EMMIE-PEWTER-11,78,06/01/2016,06/01/2025
ANDRE-EMMIE-PEWTER-5,78,06/01/2016,06/01/2025
ANDRE-EMMIE-PEWTER-6,78,06/01/2016,06/01/2025
ANDRE-EMMIE-PEWTER-7,78,06/01/2016,06/01/2025
ANDRE-EMMIE-PEWTER-8,78,06/01/2016,06/01/2025
ANDRE-EMMIE-PEWTER-9,78,06/01/2016,06/01/2025
ANDRE-EMMIE-RED,78,06/01/2016,06/01/2025
ANDRE-EMMIE-RED-10,78,06/01/2016,06/01/2025
ANDRE-EMMIE-RED-11,78,06/01/2016,06/01/2025
ANDRE-EMMIE-RED-5,78,06/01/2016,06/01/2025
ANDRE-EMMIE-RED-6,78,06/01/2016,06/01/2025
ANDRE-EMMIE-RED-7,78,06/01/2016,06/01/2025
ANDRE-EMMIE-RED-8,78,06/01/2016,06/01/2025
ANDRE-EMMIE-RED-9,78,06/01/2016,06/01/2025
ANDRE-EMMIE-TAUPE,78,06/01/2016,06/01/2025
ANDRE-EMMIE-TAUPE-10,78,06/01/2016,06/01/2025
ANDRE-EMMIE-TAUPE-11,78,06/01/2016,06/01/2025
ANDRE-EMMIE-TAUPE-5,78,06/01/2016,06/01/2025
ANDRE-EMMIE-TAUPE-6,78,06/01/2016,06/01/2025
ANDRE-EMMIE-TAUPE-7,78,06/01/2016,06/01/2025
ANDRE-EMMIE-TAUPE-8,78,06/01/2016,06/01/2025
ANDRE-EMMIE-TAUPE-9,78,06/01/2016,06/01/2025
ANDRE-FINNLEY-CUERO,195,06/01/2016,06/01/2025
ANDRE-FINNLEY-CUERO-36,195,06/01/2016,06/01/2025
ANDRE-FINNLEY-CUERO-37,195,06/01/2016,06/01/2025
ANDRE-FINNLEY-CUERO-38,195,06/01/2016,06/01/2025
ANDRE-FINNLEY-CUERO-39,195,06/01/2016,06/01/2025
ANDRE-FINNLEY-CUERO-40,195,06/01/2016,06/01/2025
ANDRE-FINNLEY-CUERO-41,195,06/01/2016,06/01/2025
ANDRE-FINNLEY-GOLD,195,06/01/2016,06/01/2025
ANDRE-FINNLEY-GOLD-36,195,06/01/2016,06/01/2025
ANDRE-FINNLEY-GOLD-37,195,06/01/2016,06/01/2025
ANDRE-FINNLEY-GOLD-38,195,06/01/2016,06/01/2025
ANDRE-FINNLEY-GOLD-39,195,06/01/2016,06/01/2025
ANDRE-FINNLEY-GOLD-40,195,06/01/2016,06/01/2025
ANDRE-FINNLEY-GOLD-41,195,06/01/2016,06/01/2025
ANDRE-FINNLEY-ROSE,195,06/01/2016,06/01/2025
ANDRE-FINNLEY-ROSE-36,195,06/01/2016,06/01/2025
ANDRE-FINNLEY-ROSE-37,195,06/01/2016,06/01/2025
ANDRE-FINNLEY-ROSE-38,195,06/01/2016,06/01/2025
ANDRE-FINNLEY-ROSE-39,195,06/01/2016,06/01/2025
ANDRE-FINNLEY-ROSE-40,195,06/01/2016,06/01/2025
ANDRE-FINNLEY-ROSE-41,195,06/01/2016,06/01/2025
ANDRE-GIULIA-BLACK,195,06/01/2016,06/01/2025
ANDRE-GIULIA-BLACK-36,195,06/01/2016,06/01/2025
ANDRE-GIULIA-BLACK-37,195,06/01/2016,06/01/2025
ANDRE-GIULIA-BLACK-38,195,06/01/2016,06/01/2025
ANDRE-GIULIA-BLACK-39,195,06/01/2016,06/01/2025
ANDRE-GIULIA-BLACK-40,195,06/01/2016,06/01/2025
ANDRE-GIULIA-BLACK-41,195,06/01/2016,06/01/2025
ANDRE-LAUREL-BLACK,119,06/01/2016,06/01/2025
ANDRE-LAUREL-BLACK-36,119,06/01/2016,06/01/2025
ANDRE-LAUREL-BLACK-37,119,06/01/2016,06/01/2025
ANDRE-LAUREL-BLACK-38,119,06/01/2016,06/01/2025
ANDRE-LAUREL-BLACK-39,119,06/01/2016,06/01/2025
ANDRE-LAUREL-BLACK-40,119,06/01/2016,06/01/2025
ANDRE-LAUREL-BLACK-41,119,06/01/2016,06/01/2025
ANDRE-LAUREL-GOLD,119,06/01/2016,06/01/2025
ANDRE-LAUREL-GOLD-36,119,06/01/2016,06/01/2025
ANDRE-LAUREL-GOLD-37,119,06/01/2016,06/01/2025
ANDRE-LAUREL-GOLD-38,119,06/01/2016,06/01/2025
ANDRE-LAUREL-GOLD-39,119,06/01/2016,06/01/2025
ANDRE-LAUREL-GOLD-40,119,06/01/2016,06/01/2025
ANDRE-LAUREL-GOLD-41,119,06/01/2016,06/01/2025
ANDRE-LAUREL-SILVER,119,06/01/2016,06/01/2025
ANDRE-LAUREL-SILVER-36,119,06/01/2016,06/01/2025
ANDRE-LAUREL-SILVER-37,119,06/01/2016,06/01/2025
ANDRE-LAUREL-SILVER-38,119,06/01/2016,06/01/2025
ANDRE-LAUREL-SILVER-39,119,06/01/2016,06/01/2025
ANDRE-LAUREL-SILVER-40,119,06/01/2016,06/01/2025
ANDRE-LAUREL-SILVER-41,119,06/01/2016,06/01/2025
ANDRE-NIDIA-DENIM,89,06/01/2016,06/01/2025
ANDRE-NIDIA-DENIM-36,89,06/01/2016,06/01/2025
ANDRE-NIDIA-DENIM-37,89,06/01/2016,06/01/2025
ANDRE-NIDIA-DENIM-38,89,06/01/2016,06/01/2025
ANDRE-NIDIA-DENIM-39,89,06/01/2016,06/01/2025
ANDRE-NIDIA-DENIM-40,89,06/01/2016,06/01/2025
ANDRE-NIDIA-DENIM-41,89,06/01/2016,06/01/2025
ANDRE-NIDIA-PISTAC,89,06/01/2016,06/01/2025
ANDRE-NIDIA-PISTAC-36,89,06/01/2016,06/01/2025
ANDRE-NIDIA-PISTAC-37,89,06/01/2016,06/01/2025
ANDRE-NIDIA-PISTAC-38,89,06/01/2016,06/01/2025
ANDRE-NIDIA-PISTAC-39,89,06/01/2016,06/01/2025
ANDRE-NIDIA-PISTAC-40,89,06/01/2016,06/01/2025
ANDRE-NIDIA-PISTAC-41,89,06/01/2016,06/01/2025
ANDRE-NIDIA-TAUPE,89,06/01/2016,06/01/2025
ANDRE-NIDIA-TAUPE-36,89,06/01/2016,06/01/2025
ANDRE-NIDIA-TAUPE-37,89,06/01/2016,06/01/2025
ANDRE-NIDIA-TAUPE-38,89,06/01/2016,06/01/2025
ANDRE-NIDIA-TAUPE-39,89,06/01/2016,06/01/2025
ANDRE-NIDIA-TAUPE-40,89,06/01/2016,06/01/2025
ANDRE-NIDIA-TAUPE-41,89,06/01/2016,06/01/2025
ANDRE-PAMMIE-BLACK,78,06/01/2016,06/01/2025
ANDRE-PAMMIE-BLACK-10,78,06/01/2016,06/01/2025
ANDRE-PAMMIE-BLACK-11,78,06/01/2016,06/01/2025
ANDRE-PAMMIE-BLACK-5,78,06/01/2016,06/01/2025
ANDRE-PAMMIE-BLACK-6,78,06/01/2016,06/01/2025
ANDRE-PAMMIE-BLACK-7,78,06/01/2016,06/01/2025
ANDRE-PAMMIE-BLACK-8,78,06/01/2016,06/01/2025
ANDRE-PAMMIE-BLACK-9,78,06/01/2016,06/01/2025
ANDRE-PAMMIE-NATURAL,78,06/01/2016,06/01/2025
ANDRE-PAMMIE-NATURAL-10,78,06/01/2016,06/01/2025
ANDRE-PAMMIE-NATURAL-11,78,06/01/2016,06/01/2025
ANDRE-PAMMIE-NATURAL-5,78,06/01/2016,06/01/2025
ANDRE-PAMMIE-NATURAL-6,78,06/01/2016,06/01/2025
ANDRE-PAMMIE-NATURAL-7,78,06/01/2016,06/01/2025
ANDRE-PAMMIE-NATURAL-8,78,06/01/2016,06/01/2025
ANDRE-PAMMIE-NATURAL-9,78,06/01/2016,06/01/2025
ANDRE-PAMMIE-NAVY,78,06/01/2016,06/01/2025
ANDRE-PAMMIE-NAVY-10,78,06/01/2016,06/01/2025
ANDRE-PAMMIE-NAVY-11,78,06/01/2016,06/01/2025
ANDRE-PAMMIE-NAVY-5,78,06/01/2016,06/01/2025
ANDRE-PAMMIE-NAVY-6,78,06/01/2016,06/01/2025
ANDRE-PAMMIE-NAVY-7,78,06/01/2016,06/01/2025
ANDRE-PAMMIE-NAVY-8,78,06/01/2016,06/01/2025
ANDRE-PAMMIE-NAVY-9,78,06/01/2016,06/01/2025
ANDRE-PAMMIE-RED,78,06/01/2016,06/01/2025
ANDRE-PAMMIE-RED-10,78,06/01/2016,06/01/2025
ANDRE-PAMMIE-RED-11,78,06/01/2016,06/01/2025
ANDRE-PAMMIE-RED-5,78,06/01/2016,06/01/2025
ANDRE-PAMMIE-RED-6,78,06/01/2016,06/01/2025
ANDRE-PAMMIE-RED-7,78,06/01/2016,06/01/2025
ANDRE-PAMMIE-RED-8,78,06/01/2016,06/01/2025
ANDRE-PAMMIE-RED-9,78,06/01/2016,06/01/2025
ANDRE-ROYCE-GOLD,109,06/01/2016,06/01/2025
ANDRE-ROYCE-GOLD-36,109,06/01/2016,06/01/2025
ANDRE-ROYCE-GOLD-37,109,06/01/2016,06/01/2025
ANDRE-ROYCE-GOLD-38,109,06/01/2016,06/01/2025
ANDRE-ROYCE-GOLD-39,109,06/01/2016,06/01/2025
ANDRE-ROYCE-GOLD-40,109,06/01/2016,06/01/2025
ANDRE-ROYCE-GOLD-41,109,06/01/2016,06/01/2025
ANDRE-SUN-A-BLACK,109,06/01/2016,06/01/2025
ANDRE-SUN-A-BLACK-36,109,06/01/2016,06/01/2025
ANDRE-SUN-A-BLACK-37,109,06/01/2016,06/01/2025
ANDRE-SUN-A-BLACK-38,109,06/01/2016,06/01/2025
ANDRE-SUN-A-BLACK-39,109,06/01/2016,06/01/2025
ANDRE-SUN-A-BLACK-40,109,06/01/2016,06/01/2025
ANDRE-SUN-A-BLACK-41,109,06/01/2016,06/01/2025
ANDRE-SUN-A-COBALT,109,06/01/2016,06/01/2025
ANDRE-SUN-A-COBALT-36,109,06/01/2016,06/01/2025
ANDRE-SUN-A-COBALT-37,109,06/01/2016,06/01/2025
ANDRE-SUN-A-COBALT-38,109,06/01/2016,06/01/2025
ANDRE-SUN-A-COBALT-39,109,06/01/2016,06/01/2025
ANDRE-SUN-A-COBALT-40,109,06/01/2016,06/01/2025
ANDRE-SUN-A-COBALT-41,109,06/01/2016,06/01/2025
ANDRE-SUN-A-CORAL,109,06/01/2016,06/01/2025
ANDRE-SUN-A-CORAL-36,109,06/01/2016,06/01/2025
ANDRE-SUN-A-CORAL-37,109,06/01/2016,06/01/2025
ANDRE-SUN-A-CORAL-38,109,06/01/2016,06/01/2025
ANDRE-SUN-A-CORAL-39,109,06/01/2016,06/01/2025
ANDRE-SUN-A-CORAL-40,109,06/01/2016,06/01/2025
ANDRE-SUN-A-CORAL-41,109,06/01/2016,06/01/2025
ANDRE-SUN-A-NUDE,109,06/01/2016,06/01/2025
ANDRE-SUN-A-NUDE-36,109,06/01/2016,06/01/2025
ANDRE-SUN-A-NUDE-37,109,06/01/2016,06/01/2025
ANDRE-SUN-A-NUDE-38,109,06/01/2016,06/01/2025
ANDRE-SUN-A-NUDE-39,109,06/01/2016,06/01/2025
ANDRE-SUN-A-NUDE-40,109,06/01/2016,06/01/2025
ANDRE-SUN-A-NUDE-41,109,06/01/2016,06/01/2025