"Reference #";"Code"
"NKGFT01";"770ABC457856"
"NKGFT01";"770ABC457857"
"NKGFT01";"770ABC457858"
"NKGFT01";"770ABC457859"
"NKGFT01";"770ABC457860"
"NKGFT01";"770ABC457861"
"NKGFT01";"770ABC457862"
"NKGFT01";"770ABC457863"
"NKGFT01";"770ABC457864"
"NKGFT01";"770ABC457865"
"NKGFT01";"770ABC457866"
"NKGFT01";"770ABC457867"
"NKGFT01";"770ABC457868"
"NKGFT01";"770ABC457869"
"NKGFT01";"770ABC457870"
"NKGFT01";"770ABC457871"
"NKGFT01";"770ABC457872"
"NKGFT01";"770ABC457873"
"NKGFT01";"770ABC457874"
"NKGFT01";"770ABC457875"
"NKGFT01";"770ABC457876"
"NKGFT01";"770ABC457877"
"NKGFT01";"770ABC457878"
"NKGFT01";"770ABC457879"
"NKGFT01";"770ABC457880"
"NKGFT01";"770ABC457881"
"NKGFT01";"770ABC457882"
"NKGFT01";"770ABC457883"
"NKGFT01";"770ABC457884"
"NKGFT01";"770ABC457885"
"NKGFT01";"770ABC457886"
"NKGFT01";"770ABC457887"
"NKGFT01";"770ABC457888"
"NKGFT01";"770ABC457889"
"NKGFT01";"770ABC457890"
"NKGFT01";"770ABC457891"
"NKGFT01";"770ABC457892"
"NKGFT01";"770ABC457893"
"NKGFT01";"770ABC457894"
"NKGFT01";"770ABC457895"
"NKGFT01";"770ABC457896"
"NKGFT01";"770ABC457897"
"NKGFT01";"770ABC457898"
"NKGFT01";"770ABC457899"
"NKGFT01";"770ABC457900"
"NKGFT01";"770ABC457901"
"NKGFT01";"770ABC457902"
"NKGFT01";"770ABC457903"
"NKGFT01";"770ABC457904"
"NKGFT01";"770ABC457905"
"NKGFT01";"770ABC457906"
"NKGFT01";"770ABC457907"
"NKGFT01";"770ABC457908"
"NKGFT01";"770ABC457909"
"NKGFT01";"770ABC457910"
"NKGFT01";"770ABC457911"
"NKGFT01";"770ABC457912"
"NKGFT01";"770ABC457913"
"NKGFT01";"770ABC457914"
"NKGFT01";"770ABC457915"
"NKGFT01";"770ABC457916"
"NKGFT01";"770ABC457917"
"NKGFT01";"770ABC457918"
"NKGFT01";"770ABC457919"
"NKGFT01";"770ABC457920"
"NKGFT01";"770ABC457921"
"NKGFT01";"770ABC457922"
"NKGFT01";"770ABC457923"
"NKGFT01";"770ABC457924"
"NKGFT01";"770ABC457925"
"NKGFT01";"770ABC457926"
"NKGFT01";"770ABC457927"
"NKGFT01";"770ABC457928"
"NKGFT01";"770ABC457929"
"NKGFT01";"770ABC457930"
"NKGFT01";"770ABC457931"
"NKGFT01";"770ABC457932"
"NKGFT01";"770ABC457933"
"NKGFT01";"770ABC457934"
"NKGFT01";"770ABC457935"
"NKGFT01";"770ABC457936"
"NKGFT01";"770ABC457937"
"NKGFT01";"770ABC457938"
"NKGFT01";"770ABC457939"
"NKGFT01";"770ABC457940"
"NKGFT01";"770ABC457941"
"NKGFT01";"770ABC457942"
"NKGFT01";"770ABC457943"
"NKGFT01";"770ABC457944"
"NKGFT01";"770ABC457945"
"NKGFT01";"770ABC457946"
"NKGFT01";"770ABC457947"
"NKGFT01";"770ABC457948"
"NKGFT01";"770ABC457949"
"NKGFT01";"770ABC457950"
"NKGFT01";"770ABC457951"
"NKGFT01";"770ABC457952"
"NKGFT01";"770ABC457953"
"NKGFT01";"770ABC457954"
"NKGFT01";"770ABC457955"
"NKGFT01";"770ABC457956"
"NKGFT01";"770ABC457957"
"NKGFT01";"770ABC457958"
"NKGFT01";"770ABC457959"
"NKGFT01";"770ABC457960"
"NKGFT01";"770ABC457961"
"NKGFT01";"770ABC457962"
"NKGFT01";"770ABC457963"
"NKGFT01";"770ABC457964"
"NKGFT01";"770ABC457965"
"NKGFT01";"770ABC457966"
"NKGFT01";"770ABC457967"
"NKGFT01";"770ABC457968"
"NKGFT01";"770ABC457969"
"NKGFT01";"770ABC457970"
"NKGFT01";"770ABC457971"
"NKGFT01";"770ABC457972"
"NKGFT01";"770ABC457973"
"NKGFT01";"770ABC457974"
"NKGFT01";"770ABC457975"
"NKGFT01";"770ABC457976"
"NKGFT01";"770ABC457977"
"NKGFT01";"770ABC457978"
"NKGFT01";"770ABC457979"
"NKGFT01";"770ABC457980"
"NKGFT01";"770ABC457981"
"NKGFT01";"770ABC457982"
"NKGFT01";"770ABC457983"
"NKGFT01";"770ABC457984"
"NKGFT01";"770ABC457985"
"NKGFT01";"770ABC457986"
"NKGFT01";"770ABC457987"
"NKGFT01";"770ABC457988"
"NKGFT01";"770ABC457989"
"NKGFT01";"770ABC457990"
"NKGFT01";"770ABC457991"
"NKGFT01";"770ABC457992"
"NKGFT01";"770ABC457993"
"NKGFT01";"770ABC457994"
"NKGFT01";"770ABC457995"
"NKGFT01";"770ABC457996"
"NKGFT01";"770ABC457997"
"NKGFT01";"770ABC457998"
"NKGFT01";"770ABC457999"
"NKGFT01";"770ABC458000"
"NKGFT01";"770ABC458001"
"NKGFT01";"770ABC458002"
"NKGFT01";"770ABC458003"
"NKGFT01";"770ABC458004"
"NKGFT01";"770ABC458005"
"NKGFT01";"770ABC458006"
"NKGFT01";"770ABC458007"
"NKGFT01";"770ABC458008"
"NKGFT01";"770ABC458009"
"NKGFT01";"770ABC458010"
"NKGFT01";"770ABC458011"
"NKGFT01";"770ABC458012"
"NKGFT01";"770ABC458013"
"NKGFT01";"770ABC458014"
"NKGFT01";"770ABC458015"
"NKGFT01";"770ABC458016"
"NKGFT01";"770ABC458017"
"NKGFT01";"770ABC458018"
"NKGFT01";"770ABC458019"
"NKGFT01";"770ABC458020"
"NKGFT01";"770ABC458021"
"NKGFT01";"770ABC458022"
"NKGFT01";"770ABC458023"
"NKGFT01";"770ABC458024"
"NKGFT01";"770ABC458025"
"NKGFT01";"770ABC458026"
"NKGFT01";"770ABC458027"
"NKGFT01";"770ABC458028"
"NKGFT01";"770ABC458029"
"NKGFT01";"770ABC458030"
"NKGFT01";"770ABC458031"
"NKGFT01";"770ABC458032"
"NKGFT01";"770ABC458033"
"NKGFT01";"770ABC458034"
"NKGFT01";"770ABC458035"
"NKGFT01";"770ABC458036"
"NKGFT01";"770ABC458037"
"NKGFT01";"770ABC458038"
"NKGFT01";"770ABC458039"
"NKGFT01";"770ABC458040"
"NKGFT01";"770ABC458041"
"NKGFT01";"770ABC458042"
"NKGFT01";"770ABC458043"
"NKGFT01";"770ABC458044"
"NKGFT01";"770ABC458045"
"NKGFT01";"770ABC458046"
"NKGFT01";"770ABC458047"
"NKGFT01";"770ABC458048"
"NKGFT01";"770ABC458049"
"NKGFT01";"770ABC458050"
"NKGFT01";"770ABC458051"
"NKGFT01";"770ABC458052"
"NKGFT01";"770ABC458053"
"NKGFT01";"770ABC458054"
"NKGFT01";"770ABC458055"
"NKGFT01";"770ABC458056"
"NKGFT01";"770ABC458057"
"NKGFT01";"770ABC458058"
"NKGFT01";"770ABC458059"
"NKGFT01";"770ABC458060"
"NKGFT01";"770ABC458061"
"NKGFT01";"770ABC458062"
"NKGFT01";"770ABC458063"
"NKGFT01";"770ABC458064"
"NKGFT01";"770ABC458065"
"NKGFT01";"770ABC458066"
"NKGFT01";"770ABC458067"
"NKGFT01";"770ABC458068"
"NKGFT01";"770ABC458069"
"NKGFT01";"770ABC458070"
"NKGFT01";"770ABC458071"
"NKGFT01";"770ABC458072"
"NKGFT01";"770ABC458073"
"NKGFT01";"770ABC458074"
"NKGFT01";"770ABC458075"
"NKGFT01";"770ABC458076"
"NKGFT01";"770ABC458077"
"NKGFT01";"770ABC458078"
"NKGFT01";"770ABC458079"
"NKGFT01";"770ABC458080"
"NKGFT01";"770ABC458081"
"NKGFT01";"770ABC458082"
"NKGFT01";"770ABC458083"
"NKGFT01";"770ABC458084"
"NKGFT01";"770ABC458085"
"NKGFT01";"770ABC458086"
"NKGFT01";"770ABC458087"
"NKGFT01";"770ABC458088"
"NKGFT01";"770ABC458089"
"NKGFT01";"770ABC458090"
"NKGFT01";"770ABC458091"
"NKGFT01";"770ABC458092"
"NKGFT01";"770ABC458093"
"NKGFT01";"770ABC458094"
"NKGFT01";"770ABC458095"
"NKGFT01";"770ABC458096"
"NKGFT01";"770ABC458097"
"NKGFT01";"770ABC458098"
"NKGFT01";"770ABC458099"
"NKGFT01";"770ABC458100"
"NKGFT01";"770ABC458101"
"NKGFT01";"770ABC458102"
"NKGFT01";"770ABC458103"
"NKGFT01";"770ABC458104"
"NKGFT01";"770ABC458105"
"NKGFT01";"770ABC458106"
"NKGFT01";"770ABC458107"
"NKGFT01";"770ABC458108"
"NKGFT01";"770ABC458109"
"NKGFT01";"770ABC458110"
"NKGFT01";"770ABC458111"
"NKGFT01";"770ABC458112"
"NKGFT01";"770ABC458113"
"NKGFT01";"770ABC458114"
"NKGFT01";"770ABC458115"
"NKGFT01";"770ABC458116"
"NKGFT01";"770ABC458117"
"NKGFT01";"770ABC458118"
"NKGFT01";"770ABC458119"
"NKGFT01";"770ABC458120"
"NKGFT01";"770ABC458121"
"NKGFT01";"770ABC458122"
"NKGFT01";"770ABC458123"
"NKGFT01";"770ABC458124"
"NKGFT01";"770ABC458125"
"NKGFT01";"770ABC458126"
"NKGFT01";"770ABC458127"
"NKGFT01";"770ABC458128"
"NKGFT01";"770ABC458129"
"NKGFT01";"770ABC458130"
"NKGFT01";"770ABC458131"
"NKGFT01";"770ABC458132"
"NKGFT01";"770ABC458133"
"NKGFT01";"770ABC458134"
"NKGFT01";"770ABC458135"
"NKGFT01";"770ABC458136"
"NKGFT01";"770ABC458137"
"NKGFT01";"770ABC458138"
"NKGFT01";"770ABC458139"
"NKGFT01";"770ABC458140"
"NKGFT01";"770ABC458141"
"NKGFT01";"770ABC458142"
"NKGFT01";"770ABC458143"
"NKGFT01";"770ABC458144"
"NKGFT01";"770ABC458145"
"NKGFT01";"770ABC458146"
"NKGFT01";"770ABC458147"
"NKGFT01";"770ABC458148"
"NKGFT01";"770ABC458149"
"NKGFT01";"770ABC458150"
"NKGFT01";"770ABC458151"
"NKGFT01";"770ABC458152"
"NKGFT01";"770ABC458153"
"NKGFT01";"770ABC458154"
"NKGFT01";"770ABC458155"
"NKGFT01";"770ABC458156"
"NKGFT01";"770ABC458157"
"NKGFT01";"770ABC458158"
"NKGFT01";"770ABC458159"
"NKGFT01";"770ABC458160"
"NKGFT01";"770ABC458161"
"NKGFT01";"770ABC458162"
"NKGFT01";"770ABC458163"
"NKGFT01";"770ABC458164"
"NKGFT01";"770ABC458165"
"NKGFT01";"770ABC458166"
"NKGFT01";"770ABC458167"
"NKGFT01";"770ABC458168"
"NKGFT01";"770ABC458169"
"NKGFT01";"770ABC458170"
"NKGFT01";"770ABC458171"
"NKGFT01";"770ABC458172"
"NKGFT01";"770ABC458173"
"NKGFT01";"770ABC458174"
"NKGFT01";"770ABC458175"
"NKGFT01";"770ABC458176"
"NKGFT01";"770ABC458177"
"NKGFT01";"770ABC458178"
"NKGFT01";"770ABC458179"
"NKGFT01";"770ABC458180"
"NKGFT01";"770ABC458181"
"NKGFT01";"770ABC458182"
"NKGFT01";"770ABC458183"
"NKGFT01";"770ABC458184"
"NKGFT01";"770ABC458185"
"NKGFT01";"770ABC458186"
"NKGFT01";"770ABC458187"
"NKGFT01";"770ABC458188"
"NKGFT01";"770ABC458189"
"NKGFT01";"770ABC458190"
"NKGFT01";"770ABC458191"
"NKGFT01";"770ABC458192"
"NKGFT01";"770ABC458193"
"NKGFT01";"770ABC458194"
"NKGFT01";"770ABC458195"
"NKGFT01";"770ABC458196"
"NKGFT01";"770ABC458197"
"NKGFT01";"770ABC458198"
"NKGFT01";"770ABC458199"
"NKGFT01";"770ABC458200"
"NKGFT01";"770ABC458201"
"NKGFT01";"770ABC458202"
"NKGFT01";"770ABC458203"
"NKGFT01";"770ABC458204"
"NKGFT01";"770ABC458205"
"NKGFT01";"770ABC458206"
"NKGFT01";"770ABC458207"
"NKGFT01";"770ABC458208"
"NKGFT01";"770ABC458209"
"NKGFT01";"770ABC458210"
"NKGFT01";"770ABC458211"
"NKGFT01";"770ABC458212"
"NKGFT01";"770ABC458213"
"NKGFT01";"770ABC458214"
"NKGFT01";"770ABC458215"
"NKGFT01";"770ABC458216"
"NKGFT01";"770ABC458217"
"NKGFT01";"770ABC458218"
"NKGFT01";"770ABC458219"
"NKGFT01";"770ABC458220"
"NKGFT01";"770ABC458221"
"NKGFT01";"770ABC458222"
"NKGFT01";"770ABC458223"
"NKGFT01";"770ABC458224"
"NKGFT01";"770ABC458225"
"NKGFT01";"770ABC458226"
"NKGFT01";"770ABC458227"
"NKGFT01";"770ABC458228"
"NKGFT01";"770ABC458229"
"NKGFT01";"770ABC458230"
"NKGFT01";"770ABC458231"
"NKGFT01";"770ABC458232"
"NKGFT01";"770ABC458233"
"NKGFT01";"770ABC458234"
"NKGFT01";"770ABC458235"
"NKGFT01";"770ABC458236"
"NKGFT01";"770ABC458237"
"NKGFT01";"770ABC458238"
"NKGFT01";"770ABC458239"
"NKGFT01";"770ABC458240"
"NKGFT01";"770ABC458241"
"NKGFT01";"770ABC458242"
"NKGFT01";"770ABC458243"
"NKGFT01";"770ABC458244"
"NKGFT01";"770ABC458245"
"NKGFT01";"770ABC458246"
"NKGFT01";"770ABC458247"
"NKGFT01";"770ABC458248"
"NKGFT01";"770ABC458249"
"NKGFT01";"770ABC458250"
"NKGFT01";"770ABC458251"
"NKGFT01";"770ABC458252"
"NKGFT01";"770ABC458253"
"NKGFT01";"770ABC458254"
"NKGFT01";"770ABC458255"
"NKGFT01";"770ABC458256"
"NKGFT01";"770ABC458257"
"NKGFT01";"770ABC458258"
"NKGFT01";"770ABC458259"
"NKGFT01";"770ABC458260"
"NKGFT01";"770ABC458261"
"NKGFT01";"770ABC458262"
"NKGFT01";"770ABC458263"
"NKGFT01";"770ABC458264"
"NKGFT01";"770ABC458265"
"NKGFT01";"770ABC458266"
"NKGFT01";"770ABC458267"
"NKGFT01";"770ABC458268"
"NKGFT01";"770ABC458269"
"NKGFT01";"770ABC458270"
"NKGFT01";"770ABC458271"
"NKGFT01";"770ABC458272"
"NKGFT01";"770ABC458273"
"NKGFT01";"770ABC458274"
"NKGFT01";"770ABC458275"
"NKGFT01";"770ABC458276"
"NKGFT01";"770ABC458277"
"NKGFT01";"770ABC458278"
"NKGFT01";"770ABC458279"
"NKGFT01";"770ABC458280"
"NKGFT01";"770ABC458281"
"NKGFT01";"770ABC458282"
"NKGFT01";"770ABC458283"
"NKGFT01";"770ABC458284"
"NKGFT01";"770ABC458285"
"NKGFT01";"770ABC458286"
"NKGFT01";"770ABC458287"
"NKGFT01";"770ABC458288"
"NKGFT01";"770ABC458289"
"NKGFT01";"770ABC458290"
"NKGFT01";"770ABC458291"
"NKGFT01";"770ABC458292"
"NKGFT01";"770ABC458293"
"NKGFT01";"770ABC458294"
"NKGFT01";"770ABC458295"
"NKGFT01";"770ABC458296"
"NKGFT01";"770ABC458297"
"NKGFT01";"770ABC458298"
"NKGFT01";"770ABC458299"
"NKGFT01";"770ABC458300"
"NKGFT01";"770ABC458301"
"NKGFT01";"770ABC458302"
"NKGFT01";"770ABC458303"
"NKGFT01";"770ABC458304"
"test_2_asics";"8527ASC45678"
"test_2_asics";"8527ASC45679"
"test_2_asics";"8527ASC45680"
"test_2_asics";"8527ASC45681"
"test_2_asics";"8527ASC45682"
"test_2_asics";"8527ASC45683"
"test_2_asics";"8527ASC45684"
"test_2_asics";"8527ASC45685"
"test_2_asics";"8527ASC45686"
"test_2_asics";"8527ASC45687"
"test_2_asics";"8527ASC45688"
"test_2_asics";"8527ASC45689"
"test_2_asics";"8527ASC45690"
"test_2_asics";"8527ASC45691"
"test_2_asics";"8527ASC45692"
"test_2_asics";"8527ASC45693"
"test_2_asics";"8527ASC45694"
"test_2_asics";"8527ASC45695"
"test_2_asics";"8527ASC45696"
"test_2_asics";"8527ASC45697"
"test_2_asics";"8527ASC45698"
"test_2_asics";"8527ASC45699"
"test_2_asics";"8527ASC45700"
"test_2_asics";"8527ASC45701"
"test_2_asics";"8527ASC45702"
"test_2_asics";"8527ASC45703"
"test_2_asics";"8527ASC45704"
"test_2_asics";"8527ASC45705"
"test_2_asics";"8527ASC45706"
"test_2_asics";"8527ASC45707"
"test_2_asics";"8527ASC45708"
"test_2_asics";"8527ASC45709"
"test_2_asics";"8527ASC45710"
"test_2_asics";"8527ASC45711"
"test_2_asics";"8527ASC45712"
"test_2_asics";"8527ASC45713"
"test_2_asics";"8527ASC45714"
"test_2_asics";"8527ASC45715"
"test_2_asics";"8527ASC45716"
"test_2_asics";"8527ASC45717"
"test_2_asics";"8527ASC45718"
"test_2_asics";"8527ASC45719"
"test_2_asics";"8527ASC45720"
"test_2_asics";"8527ASC45721"
"test_2_asics";"8527ASC45722"
"test_2_asics";"8527ASC45723"
"test_2_asics";"8527ASC45724"
"test_2_asics";"8527ASC45725"
"test_2_asics";"8527ASC45726"
"test_2_asics";"8527ASC45727"
"test_2_asics";"8527ASC45728"
"test_2_asics";"8527ASC45729"
"test_2_asics";"8527ASC45730"
"test_2_asics";"8527ASC45731"
"test_2_asics";"8527ASC45732"
"test_2_asics";"8527ASC45733"
"test_2_asics";"8527ASC45734"
"test_2_asics";"8527ASC45735"
"test_2_asics";"8527ASC45736"
"test_2_asics";"8527ASC45737"
"test_2_asics";"8527ASC45738"
"test_2_asics";"8527ASC45739"
"test_2_asics";"8527ASC45740"
"test_2_asics";"8527ASC45741"
"test_2_asics";"8527ASC45742"
"test_2_asics";"8527ASC45743"
"test_2_asics";"8527ASC45744"
"test_2_asics";"8527ASC45745"
"test_2_asics";"8527ASC45746"
"test_2_asics";"8527ASC45747"
"test_2_asics";"8527ASC45748"
"test_2_asics";"8527ASC45749"
"test_2_asics";"8527ASC45750"
"test_2_asics";"8527ASC45751"
"test_2_asics";"8527ASC45752"
"test_2_asics";"8527ASC45753"
"test_2_asics";"8527ASC45754"
"test_2_asics";"8527ASC45755"
"test_2_asics";"8527ASC45756"
"test_2_asics";"8527ASC45757"
"test_2_asics";"8527ASC45758"
"test_2_asics";"8527ASC45759"
"test_2_asics";"8527ASC45760"
"test_2_asics";"8527ASC45761"
"test_2_asics";"8527ASC45762"
"test_2_asics";"8527ASC45763"
"test_2_asics";"8527ASC45764"
"test_2_asics";"8527ASC45765"
"test_2_asics";"8527ASC45766"
"test_2_asics";"8527ASC45767"
"test_2_asics";"8527ASC45768"
"test_2_asics";"8527ASC45769"
"test_2_asics";"8527ASC45770"
"test_2_asics";"8527ASC45771"
"test_2_asics";"8527ASC45772"
"test_2_asics";"8527ASC45773"
"test_2_asics";"8527ASC45774"
"test_2_asics";"8527ASC45775"
"test_2_asics";"8527ASC45776"
"test_2_asics";"8527ASC45777"
"test_2_asics";"8527ASC45778"
"test_2_asics";"8527ASC45779"
"test_2_asics";"8527ASC45780"
"test_2_asics";"8527ASC45781"
"test_2_asics";"8527ASC45782"
"test_2_asics";"8527ASC45783"
"test_2_asics";"8527ASC45784"
"test_2_asics";"8527ASC45785"
"test_2_asics";"8527ASC45786"
"test_2_asics";"8527ASC45787"
"test_2_asics";"8527ASC45788"
"test_2_asics";"8527ASC45789"
"test_2_asics";"8527ASC45790"
"test_2_asics";"8527ASC45791"
"test_2_asics";"8527ASC45792"
"test_2_asics";"8527ASC45793"
"test_2_asics";"8527ASC45794"
"test_2_asics";"8527ASC45795"
"test_2_asics";"8527ASC45796"
"test_2_asics";"8527ASC45797"
"test_2_asics";"8527ASC45798"
"test_2_asics";"8527ASC45799"
"test_2_asics";"8527ASC45800"
"test_2_asics";"8527ASC45801"
"test_2_asics";"8527ASC45802"
"test_2_asics";"8527ASC45803"
"test_2_asics";"8527ASC45804"
"test_2_asics";"8527ASC45805"
"test_2_asics";"8527ASC45806"
"test_2_asics";"8527ASC45807"
"test_2_asics";"8527ASC45808"
"test_2_asics";"8527ASC45809"
"test_2_asics";"8527ASC45810"
"test_2_asics";"8527ASC45811"
"test_2_asics";"8527ASC45812"
"test_2_asics";"8527ASC45813"
"test_2_asics";"8527ASC45814"
"test_2_asics";"8527ASC45815"
"test_2_asics";"8527ASC45816"
"test_2_asics";"8527ASC45817"
"test_2_asics";"8527ASC45818"
"test_2_asics";"8527ASC45819"
"test_2_asics";"8527ASC45820"
"test_2_asics";"8527ASC45821"
"test_2_asics";"8527ASC45822"
"test_2_asics";"8527ASC45823"
"test_2_asics";"8527ASC45824"
"test_2_asics";"8527ASC45825"
"test_2_asics";"8527ASC45826"
"test_2_asics";"8527ASC45827"
"test_2_asics";"8527ASC45828"
"test_2_asics";"8527ASC45829"
"test_2_asics";"8527ASC45830"
"test_2_asics";"8527ASC45831"
"test_2_asics";"8527ASC45832"
"test_2_asics";"8527ASC45833"
"test_2_asics";"8527ASC45834"
"test_2_asics";"8527ASC45835"
"test_2_asics";"8527ASC45836"
"test_2_asics";"8527ASC45837"
"test_2_asics";"8527ASC45838"
"test_2_asics";"8527ASC45839"
"test_2_asics";"8527ASC45840"
"test_2_asics";"8527ASC45841"
"test_2_asics";"8527ASC45842"
"test_2_asics";"8527ASC45843"
"test_2_asics";"8527ASC45844"
"test_2_asics";"8527ASC45845"
"test_2_asics";"8527ASC45846"
"test_2_asics";"8527ASC45847"
"test_2_asics";"8527ASC45848"
"test_2_asics";"8527ASC45849"
"test_2_asics";"8527ASC45850"
"test_2_asics";"8527ASC45851"
"test_2_asics";"8527ASC45852"
"test_2_asics";"8527ASC45853"
"test_2_asics";"8527ASC45854"
"test_2_asics";"8527ASC45855"
"test_2_asics";"8527ASC45856"
"test_2_asics";"8527ASC45857"
"test_2_asics";"8527ASC45858"
"test_2_asics";"8527ASC45859"
"test_2_asics";"8527ASC45860"
"test_2_asics";"8527ASC45861"
"test_2_asics";"8527ASC45862"
"test_2_asics";"8527ASC45863"
"test_2_asics";"8527ASC45864"
"test_2_asics";"8527ASC45865"
"test_2_asics";"8527ASC45866"
"test_2_asics";"8527ASC45867"
"test_2_asics";"8527ASC45868"
"test_2_asics";"8527ASC45869"
"test_2_asics";"8527ASC45870"
"test_2_asics";"8527ASC45871"
"test_2_asics";"8527ASC45872"
"test_2_asics";"8527ASC45873"
"test_2_asics";"8527ASC45874"
"test_2_asics";"8527ASC45875"
"test_2_asics";"8527ASC45876"
"test_2_asics";"8527ASC45877"
"test_2_asics";"8527ASC45878"
"test_2_asics";"8527ASC45879"
"test_2_asics";"8527ASC45880"
"test_2_asics";"8527ASC45881"
"test_2_asics";"8527ASC45882"
"test_2_asics";"8527ASC45883"
"test_2_asics";"8527ASC45884"
"test_2_asics";"8527ASC45885"
"test_2_asics";"8527ASC45886"
"test_2_asics";"8527ASC45887"
"test_2_asics";"8527ASC45888"
"test_2_asics";"8527ASC45889"
"test_2_asics";"8527ASC45890"
"test_2_asics";"8527ASC45891"
"test_2_asics";"8527ASC45892"
"test_2_asics";"8527ASC45893"
"test_2_asics";"8527ASC45894"
"test_2_asics";"8527ASC45895"
"test_2_asics";"8527ASC45896"
"test_2_asics";"8527ASC45897"
"test_2_asics";"8527ASC45898"
"test_2_asics";"8527ASC45899"
"test_2_asics";"8527ASC45900"
"test_2_asics";"8527ASC45901"
"test_2_asics";"8527ASC45902"
"test_2_asics";"8527ASC45903"
"test_2_asics";"8527ASC45904"
"test_2_asics";"8527ASC45905"
"test_2_asics";"8527ASC45906"
"test_2_asics";"8527ASC45907"
"test_2_asics";"8527ASC45908"
"test_2_asics";"8527ASC45909"
"test_2_asics";"8527ASC45910"
"test_2_asics";"8527ASC45911"
"test_2_asics";"8527ASC45912"
"test_2_asics";"8527ASC45913"
"test_2_asics";"8527ASC45914"
"test_2_asics";"8527ASC45915"
"test_2_asics";"8527ASC45916"
"test_2_asics";"8527ASC45917"
"test_2_asics";"8527ASC45918"
"test_2_asics";"8527ASC45919"
"test_2_asics";"8527ASC45920"
"test_2_asics";"8527ASC45921"
"test_2_asics";"8527ASC45922"
"test_2_asics";"8527ASC45923"
"test_2_asics";"8527ASC45924"
"test_2_asics";"8527ASC45925"
"test_2_asics";"8527ASC45926"
"test_2_asics";"8527ASC45927"
"test_2_asics";"8527ASC45928"
"test_2_asics";"8527ASC45929"
"test_2_asics";"8527ASC45930"
"test_2_asics";"8527ASC45931"
"test_2_asics";"8527ASC45932"
"test_2_asics";"8527ASC45933"
"test_2_asics";"8527ASC45934"
"test_2_asics";"8527ASC45935"
"test_2_asics";"8527ASC45936"
"test_2_asics";"8527ASC45937"
"test_2_asics";"8527ASC45938"
"test_2_asics";"8527ASC45939"
"test_2_asics";"8527ASC45940"
"test_2_asics";"8527ASC45941"
"test_2_asics";"8527ASC45942"
"test_2_asics";"8527ASC45943"
"test_2_asics";"8527ASC45944"
"test_2_asics";"8527ASC45945"
"test_2_asics";"8527ASC45946"
"test_2_asics";"8527ASC45947"
"test_2_asics";"8527ASC45948"
"test_2_asics";"8527ASC45949"
"test_2_asics";"8527ASC45950"
"test_2_asics";"8527ASC45951"
"test_2_asics";"8527ASC45952"
"test_2_asics";"8527ASC45953"
"test_2_asics";"8527ASC45954"
"test_2_asics";"8527ASC45955"
"test_2_asics";"8527ASC45956"
"test_2_asics";"8527ASC45957"
"test_2_asics";"8527ASC45958"
"test_2_asics";"8527ASC45959"
"test_2_asics";"8527ASC45960"
"test_2_asics";"8527ASC45961"
"test_2_asics";"8527ASC45962"
"test_2_asics";"8527ASC45963"
"test_2_asics";"8527ASC45964"
"test_2_asics";"8527ASC45965"
"test_2_asics";"8527ASC45966"
"test_2_asics";"8527ASC45967"
"test_2_asics";"8527ASC45968"
"test_2_asics";"8527ASC45969"
"test_2_asics";"8527ASC45970"
"test_2_asics";"8527ASC45971"
"test_2_asics";"8527ASC45972"
"test_2_asics";"8527ASC45973"
"test_2_asics";"8527ASC45974"
"test_2_asics";"8527ASC45975"
"test_2_asics";"8527ASC45976"
"test_2_asics";"8527ASC45977"
"test_2_asics";"8527ASC45978"
"test_2_asics";"8527ASC45979"
"test_2_asics";"8527ASC45980"
"test_2_asics";"8527ASC45981"
"test_2_asics";"8527ASC45982"
"test_2_asics";"8527ASC45983"
"test_2_asics";"8527ASC45984"
"test_2_asics";"8527ASC45985"
"test_2_asics";"8527ASC45986"
"test_2_asics";"8527ASC45987"
"test_2_asics";"8527ASC45988"
"test_2_asics";"8527ASC45989"
"test_2_asics";"8527ASC45990"
"test_2_asics";"8527ASC45991"
"test_2_asics";"8527ASC45992"
"test_2_asics";"8527ASC45993"
"test_2_asics";"8527ASC45994"
"test_2_asics";"8527ASC45995"
"test_2_asics";"8527ASC45996"
"test_2_asics";"8527ASC45997"
"test_2_asics";"8527ASC45998"
"test_2_asics";"8527ASC45999"
"test_2_asics";"8527ASC46000"
"test_2_asics";"8527ASC46001"
"test_2_asics";"8527ASC46002"
"test_2_asics";"8527ASC46003"
"test_2_asics";"8527ASC46004"
"test_2_asics";"8527ASC46005"
"test_2_asics";"8527ASC46006"
"test_2_asics";"8527ASC46007"
"test_2_asics";"8527ASC46008"
"test_2_asics";"8527ASC46009"
"test_2_asics";"8527ASC46010"
"test_2_asics";"8527ASC46011"
"test_2_asics";"8527ASC46012"
"test_2_asics";"8527ASC46013"
"test_2_asics";"8527ASC46014"
"test_2_asics";"8527ASC46015"
"test_2_asics";"8527ASC46016"
"test_2_asics";"8527ASC46017"
"test_2_asics";"8527ASC46018"
"test_2_asics";"8527ASC46019"
"test_2_asics";"8527ASC46020"
"test_2_asics";"8527ASC46021"
"test_2_asics";"8527ASC46022"
"test_2_asics";"8527ASC46023"
"test_2_asics";"8527ASC46024"
"test_2_asics";"8527ASC46025"
"test_2_asics";"8527ASC46026"
"test_2_asics";"8527ASC46027"
"test_2_asics";"8527ASC46028"
"test_2_asics";"8527ASC46029"
"test_2_asics";"8527ASC46030"
"test_2_asics";"8527ASC46031"
"test_2_asics";"8527ASC46032"
"test_2_asics";"8527ASC46033"
"test_2_asics";"8527ASC46034"
"test_2_asics";"8527ASC46035"
"test_2_asics";"8527ASC46036"
"test_2_asics";"8527ASC46037"
"test_2_asics";"8527ASC46038"
"test_2_asics";"8527ASC46039"
"test_2_asics";"8527ASC46040"
"test_2_asics";"8527ASC46041"
"test_2_asics";"8527ASC46042"
"test_2_asics";"8527ASC46043"
"test_2_asics";"8527ASC46044"
"test_2_asics";"8527ASC46045"
"test_2_asics";"8527ASC46046"
"test_2_asics";"8527ASC46047"
"test_2_asics";"8527ASC46048"
"test_2_asics";"8527ASC46049"
"test_2_asics";"8527ASC46050"
"test_2_asics";"8527ASC46051"
"test_2_asics";"8527ASC46052"
"test_2_asics";"8527ASC46053"
"test_2_asics";"8527ASC46054"
"test_2_asics";"8527ASC46055"
"test_2_asics";"8527ASC46056"
"test_2_asics";"8527ASC46057"
"test_2_asics";"8527ASC46058"
"test_2_asics";"8527ASC46059"
"test_2_asics";"8527ASC46060"
"test_2_asics";"8527ASC46061"
"test_2_asics";"8527ASC46062"
"test_2_asics";"8527ASC46063"
"test_2_asics";"8527ASC46064"
"test_2_asics";"8527ASC46065"
"test_2_asics";"8527ASC46066"
"test_2_asics";"8527ASC46067"
"test_2_asics";"8527ASC46068"
"test_2_asics";"8527ASC46069"
"test_2_asics";"8527ASC46070"
"test_2_asics";"8527ASC46071"
"test_2_asics";"8527ASC46072"
"test_2_asics";"8527ASC46073"
"test_2_asics";"8527ASC46074"
"test_2_asics";"8527ASC46075"
"test_2_asics";"8527ASC46076"
"test_2_asics";"8527ASC46077"
"test_2_asics";"8527ASC46078"
"test_2_asics";"8527ASC46079"
"test_2_asics";"8527ASC46080"
"test_2_asics";"8527ASC46081"
"test_2_asics";"8527ASC46082"
"test_2_asics";"8527ASC46083"
"test_2_asics";"8527ASC46084"
"test_2_asics";"8527ASC46085"
"test_2_asics";"8527ASC46086"
"test_2_asics";"8527ASC46087"
"test_2_asics";"8527ASC46088"
"test_2_asics";"8527ASC46089"
"test_2_asics";"8527ASC46090"
"test_2_asics";"8527ASC46091"
"test_2_asics";"8527ASC46092"
"test_2_asics";"8527ASC46093"
"test_2_asics";"8527ASC46094"
"test_2_asics";"8527ASC46095"
"test_2_asics";"8527ASC46096"
"test_2_asics";"8527ASC46097"
"test_2_asics";"8527ASC46098"
"test_2_asics";"8527ASC46099"
"test_2_asics";"8527ASC46100"
"test_2_asics";"8527ASC46101"
"test_2_asics";"8527ASC46102"
"test_2_asics";"8527ASC46103"
"test_2_asics";"8527ASC46104"
"test_2_asics";"8527ASC46105"
"test_2_asics";"8527ASC46106"
"test_2_asics";"8527ASC46107"
"test_2_asics";"8527ASC46108"
"test_2_asics";"8527ASC46109"
"test_2_asics";"8527ASC46110"
"test_2_asics";"8527ASC46111"
"test_2_asics";"8527ASC46112"
"test_2_asics";"8527ASC46113"
"test_2_asics";"8527ASC46114"
"test_2_asics";"8527ASC46115"
"test_2_asics";"8527ASC46116"
"test_2_asics";"8527ASC46117"
"test_2_asics";"8527ASC46118"
"test_2_asics";"8527ASC46119"
"test_2_asics";"8527ASC46120"
"test_2_asics";"8527ASC46121"
"test_2_asics";"8527ASC46122"
"test_2_asics";"8527ASC46123"
"test_2_asics";"8527ASC46124"
"test_2_asics";"8527ASC46125"
"test_2_asics";"8527ASC46126"
"test_2_asics";"8527ASC46127"
"test_2_asics";"8527ASC46128"
"test_2_asics";"8527ASC46129"
"test_2_asics";"8527ASC46130"
"test_2_asics";"8527ASC46131"
"test_2_asics";"8527ASC46132"
"test_2_asics";"8527ASC46133"
"test_2_asics";"8527ASC46134"
"test_2_asics";"8527ASC46135"
"test_2_asics";"8527ASC46136"
"test_2_asics";"8527ASC46137"
"test_2_asics";"8527ASC46138"
"test_2_asics";"8527ASC46139"
"test_2_asics";"8527ASC46140"
"test_2_asics";"8527ASC46141"
"test_2_asics";"8527ASC46142"
"test_2_asics";"8527ASC46143"
"test_2_asics";"8527ASC46144"
"test_2_asics";"8527ASC46145"
"test_2_asics";"8527ASC46146"
"test_2_asics";"8527ASC46147"
"test_2_asics";"8527ASC46148"
"test_2_asics";"8527ASC46149"
"test_2_asics";"8527ASC46150"
"test_2_asics";"8527ASC46151"
"test_2_asics";"8527ASC46152"
"test_2_asics";"8527ASC46153"
"test_2_asics";"8527ASC46154"
"test_2_asics";"8527ASC46155"
"test_2_asics";"8527ASC46156"
"test_2_asics";"8527ASC46157"
"test_2_asics";"8527ASC46158"
"test_2_asics";"8527ASC46159"
"test_2_asics";"8527ASC46160"
"test_2_asics";"8527ASC46161"
"test_2_asics";"8527ASC46162"
"test_2_asics";"8527ASC46163"
"test_2_asics";"8527ASC46164"
"test_2_asics";"8527ASC46165"
"test_2_asics";"8527ASC46166"
"test_2_asics";"8527ASC46167"
"test_2_asics";"8527ASC46168"
"test_2_asics";"8527ASC46169"
"test_2_asics";"8527ASC46170"
"test_2_asics";"8527ASC46171"
"test_2_asics";"8527ASC46172"
"test_2_asics";"8527ASC46173"
"test_2_asics";"8527ASC46174"
"test_2_asics";"8527ASC46175"
"test_2_asics";"8527ASC46176"
"test_2_asics";"8527ASC46177"
"test_2_asics";"8527ASC46178"
"test_2_asics";"8527ASC46179"
"test_2_asics";"8527ASC46180"
"test_2_asics";"8527ASC46181"
"test_2_asics";"8527ASC46182"
"test_2_asics";"8527ASC46183"
"test_2_asics";"8527ASC46184"
"test_2_asics";"8527ASC46185"
"test_2_asics";"8527ASC46186"
"test_2_asics";"8527ASC46187"
"test_2_asics";"8527ASC46188"
"test_2_asics";"8527ASC46189"
"test_2_asics";"8527ASC46190"
"test_2_asics";"8527ASC46191"
"test_2_asics";"8527ASC46192"
"test_2_asics";"8527ASC46193"
"test_2_asics";"8527ASC46194"
"test_2_asics";"8527ASC46195"
"test_2_asics";"8527ASC46196"
"test_2_asics";"8527ASC46197"
"test_2_asics";"8527ASC46198"
"test_2_asics";"8527ASC46199"
"test_2_asics";"8527ASC46200"
"test_2_asics";"8527ASC46201"
"test_2_asics";"8527ASC46202"
"test_2_asics";"8527ASC46203"
"test_2_asics";"8527ASC46204"
"test_2_asics";"8527ASC46205"
"test_2_asics";"8527ASC46206"
"test_2_asics";"8527ASC46207"
"test_2_asics";"8527ASC46208"
"test_2_asics";"8527ASC46209"
"test_2_asics";"8527ASC46210"
"test_2_asics";"8527ASC46211"
"test_2_asics";"8527ASC46212"
"test_2_asics";"8527ASC46213"
"test_2_asics";"8527ASC46214"
"test_2_asics";"8527ASC46215"
"test_2_asics";"8527ASC46216"
"test_2_asics";"8527ASC46217"
"test_2_asics";"8527ASC46218"
"test_2_asics";"8527ASC46219"
"test_2_asics";"8527ASC46220"
"test_2_asics";"8527ASC46221"
"test_2_asics";"8527ASC46222"
"test_2_asics";"8527ASC46223"
"test_2_asics";"8527ASC46224"
"test_2_asics";"8527ASC46225"
"test_2_asics";"8527ASC46226"
"test_2_asics";"8527ASC46227"
"test_2_asics";"8527ASC46228"
"test_2_asics";"8527ASC46229"
"test_2_asics";"8527ASC46230"
"test_2_asics";"8527ASC46231"
"test_2_asics";"8527ASC46232"
"test_2_asics";"8527ASC46233"
"test_2_asics";"8527ASC46234"
"test_2_asics";"8527ASC46235"
"test_2_asics";"8527ASC46236"
"test_2_asics";"8527ASC46237"
"test_2_asics";"8527ASC46238"
